12,123,1234,12345,123456,a,s,d,t
13,124,1235,12346,123457,c,v,b,f
14,125,1236,12347,123458,a,s,d,t
15,126,1237,12348,123459,c,v,b,f
16,127,1238,12349,123460,a,s,d,t
17,128,1239,12350,123461,c,v,b,f
18,129,1240,12351,123462,a,s,d,t
19,130,1241,12352,123463,c,v,b,f
20,131,1242,12353,123464,a,s,d,t
21,132,1243,12354,123465,c,v,b,f
22,133,1244,12355,123466,a,s,d,t
23,134,1245,12356,123467,c,v,b,f
24,135,1246,12357,123468,a,s,d,t
25,136,1247,12358,123469,c,v,b,f
26,137,1248,12359,123470,a,s,d,t
27,138,1249,12360,123471,c,v,b,f
28,139,1250,12361,123472,a,s,d,t
29,140,1251,12362,123473,c,v,b,f
30,141,1252,12363,123474,a,s,d,t
31,142,1253,12364,123475,c,v,b,f
32,143,1254,12365,123476,a,s,d,t
33,144,1255,12366,123477,c,v,b,f
34,145,1256,12367,123478,a,s,d,t
35,146,1257,12368,123479,c,v,b,f
36,147,1258,12369,123480,a,s,d,t
37,148,1259,12370,123481,c,v,b,f
38,149,1260,12371,123482,a,s,d,t
39,150,1261,12372,123483,c,v,b,f
40,151,1262,12373,123484,a,s,d,t
41,152,1263,12374,123485,c,v,b,f
42,153,1264,12375,123486,a,s,d,t
43,154,1265,12376,123487,c,v,b,f
44,155,1266,12377,123488,a,s,d,t
45,156,1267,12378,123489,c,v,b,f
46,157,1268,12379,123490,a,s,d,t
47,158,1269,12380,123491,c,v,b,f
48,159,1270,12381,123492,a,s,d,t
49,160,1271,12382,123493,c,v,b,f
50,161,1272,12383,123494,a,s,d,t
51,162,1273,12384,123495,c,v,b,f
52,163,1274,12385,123496,a,s,d,t
53,164,1275,12386,123497,c,v,b,f
54,165,1276,12387,123498,a,s,d,t
55,166,1277,12388,123499,c,v,b,f
56,167,1278,12389,123500,a,s,d,t
57,168,1279,12390,123501,c,v,b,f
58,169,1280,12391,123502,a,s,d,t
59,170,1281,12392,123503,c,v,b,f
60,171,1282,12393,123504,a,s,d,t
61,172,1283,12394,123505,c,v,b,f
62,173,1284,12395,123506,a,s,d,t
63,174,1285,12396,123507,c,v,b,f
64,175,1286,12397,123508,a,s,d,t
65,176,1287,12398,123509,c,v,b,f
66,177,1288,12399,123510,a,s,d,t
67,178,1289,12400,123511,c,v,b,f
68,179,1290,12401,123512,a,s,d,t
69,180,1291,12402,123513,c,v,b,f
70,181,1292,12403,123514,a,s,d,t
71,182,1293,12404,123515,c,v,b,f
72,183,1294,12405,123516,a,s,d,t
73,184,1295,12406,123517,c,v,b,f
74,185,1296,12407,123518,a,s,d,t
75,186,1297,12408,123519,c,v,b,f
76,187,1298,12409,123520,a,s,d,t
77,188,1299,12410,123521,c,v,b,f
78,189,1300,12411,123522,a,s,d,t
79,190,1301,12412,123523,c,v,b,f
80,191,1302,12413,123524,a,s,d,t
81,192,1303,12414,123525,c,v,b,f
82,193,1304,12415,123526,a,s,d,t
83,194,1305,12416,123527,c,v,b,f
84,195,1306,12417,123528,a,s,d,t
85,196,1307,12418,123529,c,v,b,f
86,197,1308,12419,123530,a,s,d,t
87,198,1309,12420,123531,c,v,b,f
88,199,1310,12421,123532,a,s,d,t
89,200,1311,12422,123533,c,v,b,f
90,201,1312,12423,123534,a,s,d,t
91,202,1313,12424,123535,c,v,b,f
92,203,1314,12425,123536,a,s,d,t
93,204,1315,12426,123537,c,v,b,f
94,205,1316,12427,123538,a,s,d,t
95,206,1317,12428,123539,c,v,b,f
96,207,1318,12429,123540,a,s,d,t
97,208,1319,12430,123541,c,v,b,f
98,209,1320,12431,123542,a,s,d,t
99,210,1321,12432,123543,c,v,b,f
100,211,1322,12433,123544,a,s,d,t
101,212,1323,12434,123545,c,v,b,f
102,213,1324,12435,123546,a,s,d,t
103,214,1325,12436,123547,c,v,b,f
104,215,1326,12437,123548,a,s,d,t
105,216,1327,12438,123549,c,v,b,f
106,217,1328,12439,123550,a,s,d,t
107,218,1329,12440,123551,c,v,b,f
108,219,1330,12441,123552,a,s,d,t
109,220,1331,12442,123553,c,v,b,f
110,221,1332,12443,123554,a,s,d,t
111,222,1333,12444,123555,c,v,b,f
112,223,1334,12445,123556,a,s,d,t
113,224,1335,12446,123557,c,v,b,f
114,225,1336,12447,123558,a,s,d,t
115,226,1337,12448,123559,c,v,b,f
116,227,1338,12449,123560,a,s,d,t
117,228,1339,12450,123561,c,v,b,f
118,229,1340,12451,123562,a,s,d,t
119,230,1341,12452,123563,c,v,b,f
120,231,1342,12453,123564,a,s,d,t
121,232,1343,12454,123565,c,v,b,f
122,233,1344,12455,123566,a,s,d,t
123,234,1345,12456,123567,c,v,b,f
124,235,1346,12457,123568,a,s,d,t
125,236,1347,12458,123569,c,v,b,f
126,237,1348,12459,123570,a,s,d,t
127,238,1349,12460,123571,c,v,b,f
128,239,1350,12461,123572,a,s,d,t
129,240,1351,12462,123573,c,v,b,f
130,241,1352,12463,123574,a,s,d,t
131,242,1353,12464,123575,c,v,b,f
132,243,1354,12465,123576,a,s,d,t
133,244,1355,12466,123577,c,v,b,f
134,245,1356,12467,123578,a,s,d,t
135,246,1357,12468,123579,c,v,b,f
136,247,1358,12469,123580,a,s,d,t
137,248,1359,12470,123581,c,v,b,f
138,249,1360,12471,123582,a,s,d,t
139,250,1361,12472,123583,c,v,b,f
140,251,1362,12473,123584,a,s,d,t
141,252,1363,12474,123585,c,v,b,f
142,253,1364,12475,123586,a,s,d,t
143,254,1365,12476,123587,c,v,b,f
144,255,1366,12477,123588,a,s,d,t
145,256,1367,12478,123589,c,v,b,f
146,257,1368,12479,123590,a,s,d,t
147,258,1369,12480,123591,c,v,b,f
148,259,1370,12481,123592,a,s,d,t
149,260,1371,12482,123593,c,v,b,f
150,261,1372,12483,123594,a,s,d,t
151,262,1373,12484,123595,c,v,b,f
152,263,1374,12485,123596,a,s,d,t
153,264,1375,12486,123597,c,v,b,f
154,265,1376,12487,123598,a,s,d,t
155,266,1377,12488,123599,c,v,b,f
156,267,1378,12489,123600,a,s,d,t
157,268,1379,12490,123601,c,v,b,f
158,269,1380,12491,123602,a,s,d,t
159,270,1381,12492,123603,c,v,b,f
160,271,1382,12493,123604,a,s,d,t
161,272,1383,12494,123605,c,v,b,f
162,273,1384,12495,123606,a,s,d,t
163,274,1385,12496,123607,c,v,b,f
164,275,1386,12497,123608,a,s,d,t
165,276,1387,12498,123609,c,v,b,f
166,277,1388,12499,123610,a,s,d,t
167,278,1389,12500,123611,c,v,b,f
168,279,1390,12501,123612,a,s,d,t
169,280,1391,12502,123613,c,v,b,f
170,281,1392,12503,123614,a,s,d,t
171,282,1393,12504,123615,c,v,b,f
172,283,1394,12505,123616,a,s,d,t
173,284,1395,12506,123617,c,v,b,f
174,285,1396,12507,123618,a,s,d,t
175,286,1397,12508,123619,c,v,b,f
176,287,1398,12509,123620,a,s,d,t
177,288,1399,12510,123621,c,v,b,f
178,289,1400,12511,123622,a,s,d,t
179,290,1401,12512,123623,c,v,b,f
180,291,1402,12513,123624,a,s,d,t
181,292,1403,12514,123625,c,v,b,f
182,293,1404,12515,123626,a,s,d,t
183,294,1405,12516,123627,c,v,b,f
184,295,1406,12517,123628,a,s,d,t
185,296,1407,12518,123629,c,v,b,f
186,297,1408,12519,123630,a,s,d,t
187,298,1409,12520,123631,c,v,b,f
188,299,1410,12521,123632,a,s,d,t
189,300,1411,12522,123633,c,v,b,f
190,301,1412,12523,123634,a,s,d,t
191,302,1413,12524,123635,c,v,b,f
192,303,1414,12525,123636,a,s,d,t
193,304,1415,12526,123637,c,v,b,f
194,305,1416,12527,123638,a,s,d,t
195,306,1417,12528,123639,c,v,b,f
196,307,1418,12529,123640,a,s,d,t
197,308,1419,12530,123641,c,v,b,f
198,309,1420,12531,123642,a,s,d,t
199,310,1421,12532,123643,c,v,b,f
200,311,1422,12533,123644,a,s,d,t
201,312,1423,12534,123645,c,v,b,f
202,313,1424,12535,123646,a,s,d,t
203,314,1425,12536,123647,c,v,b,f
204,315,1426,12537,123648,a,s,d,t
205,316,1427,12538,123649,c,v,b,f
206,317,1428,12539,123650,a,s,d,t
207,318,1429,12540,123651,c,v,b,f
208,319,1430,12541,123652,a,s,d,t
209,320,1431,12542,123653,c,v,b,f
210,321,1432,12543,123654,a,s,d,t
211,322,1433,12544,123655,c,v,b,f
212,323,1434,12545,123656,a,s,d,t
213,324,1435,12546,123657,c,v,b,f
214,325,1436,12547,123658,a,s,d,t
215,326,1437,12548,123659,c,v,b,f
216,327,1438,12549,123660,a,s,d,t
217,328,1439,12550,123661,c,v,b,f
218,329,1440,12551,123662,a,s,d,t
219,330,1441,12552,123663,c,v,b,f
220,331,1442,12553,123664,a,s,d,t
221,332,1443,12554,123665,c,v,b,f
222,333,1444,12555,123666,a,s,d,t
223,334,1445,12556,123667,c,v,b,f
224,335,1446,12557,123668,a,s,d,t
225,336,1447,12558,123669,c,v,b,f
226,337,1448,12559,123670,a,s,d,t
227,338,1449,12560,123671,c,v,b,f
228,339,1450,12561,123672,a,s,d,t
229,340,1451,12562,123673,c,v,b,f
230,341,1452,12563,123674,a,s,d,t
231,342,1453,12564,123675,c,v,b,f
232,343,1454,12565,123676,a,s,d,t
233,344,1455,12566,123677,c,v,b,f
234,345,1456,12567,123678,a,s,d,t
235,346,1457,12568,123679,c,v,b,f
236,347,1458,12569,123680,a,s,d,t
237,348,1459,12570,123681,c,v,b,f
238,349,1460,12571,123682,a,s,d,t
239,350,1461,12572,123683,c,v,b,f
240,351,1462,12573,123684,a,s,d,t
241,352,1463,12574,123685,c,v,b,f
242,353,1464,12575,123686,a,s,d,t
243,354,1465,12576,123687,c,v,b,f
244,355,1466,12577,123688,a,s,d,t
245,356,1467,12578,123689,c,v,b,f
246,357,1468,12579,123690,a,s,d,t
247,358,1469,12580,123691,c,v,b,f
248,359,1470,12581,123692,a,s,d,t
249,360,1471,12582,123693,c,v,b,f
250,361,1472,12583,123694,a,s,d,t
251,362,1473,12584,123695,c,v,b,f
252,363,1474,12585,123696,a,s,d,t
253,364,1475,12586,123697,c,v,b,f
254,365,1476,12587,123698,a,s,d,t
255,366,1477,12588,123699,c,v,b,f
256,367,1478,12589,123700,a,s,d,t
257,368,1479,12590,123701,c,v,b,f
258,369,1480,12591,123702,a,s,d,t
259,370,1481,12592,123703,c,v,b,f
260,371,1482,12593,123704,a,s,d,t
261,372,1483,12594,123705,c,v,b,f